global_epoch,training_stage,stage_epoch,train_accuracy,train_precision,train_recall,train_f1,train_tss,train_hss,train_tp,train_tn,train_fp,train_fn,train_loss,train_classification_loss,train_ewc_loss,holdout_accuracy,holdout_precision,holdout_recall,holdout_f1,holdout_tss,holdout_hss,holdout_tp,holdout_tn,holdout_fp,holdout_fn,holdout_loss,learning_rate,epoch_seconds
1,1,1,0.5742293867770395,0.5965707807850361,0.4585557128853066,0.5185367656115284,0.14845877355407905,0.14845877355407908,4210,6334,2847,4971,0.6252997980607568,0.6252997980607568,0.0,0.8775110240078393,0.0,0.0,0.0,0.0,0.0,0,1791,0,250,0.618580891477425,0.001,23.732354282401502
2,1,2,0.6014050756998148,0.9869246861924686,0.20553316632175145,0.3402145497160371,0.20281015139962968,0.20281015139962966,1887,9156,25,7294,0.6128730325121828,0.6128730325121828,0.0,0.8775110240078393,0.0,0.0,0.0,0.0,0.0,0,1791,0,250,0.6070982607365355,0.001,23.144488407298923
3,1,3,0.6155102929964056,0.9173553719008265,0.25389391133863415,0.39771370073366313,0.23102058599281125,0.23102058599281125,2331,8971,210,6850,0.608458116376287,0.608458116376287,0.0,0.8775110240078393,0.0,0.0,0.0,0.0,0.0,0,1791,0,250,0.5731239748433312,0.001,23.078820354305208
4,1,4,0.665831608757216,0.8003550996251726,0.44189086156192137,0.5694035087719298,0.33166321751443195,0.33166321751443195,4057,8169,1012,5124,0.5951043512356098,0.5951043512356098,0.0,0.8926996570308672,0.6422018348623854,0.28,0.3899721448467967,0.2582244556113903,0.34095181644866923,70,1752,39,180,0.5232309368181205,0.001,23.12484146654606
5,1,5,0.6928983770831064,0.7721266133988937,0.5473259993464764,0.6405761998852699,0.38579675416621284,0.38579675416621284,5025,7698,1483,4156,0.5670918951482765,0.5670918951482765,0.0,0.8691817736403724,0.47837150127226463,0.752,0.5847589424572317,0.6375388051367951,0.5116362850995149,188,1586,205,62,0.4585722483355061,0.001,23.14399278257042
6,1,6,0.7151181788476201,0.7739251040221914,0.6077769306175798,0.680861448355805,0.43023635769524016,0.43023635769524016,5580,7551,1630,3601,0.5394115742677802,0.5394115742677802,0.0,0.854483096521313,0.4449648711943794,0.76,0.5612998522895125,0.6276716917922949,0.4811270122926719,190,1554,237,60,0.4221667817765039,0.001,23.137123537249863
7,1,7,0.7290600152488835,0.7751177394034537,0.6453545365428602,0.7043090638930164,0.4581200304977671,0.4581200304977671,5925,7462,1719,3256,0.5226223208541744,0.5226223208541744,0.0,0.8495835374816266,0.41543026706231456,0.56,0.4770017035775128,0.4500055834729202,0.39140726149925165,140,1594,197,110,0.35925765685273525,0.001,23.10944419633597
8,1,8,0.7397886940420434,0.7838081732628593,0.6622372290600153,0.7179123863502185,0.4795773880840867,0.4795773880840867,6080,7504,1677,3101,0.5077017100856346,0.5077017100856346,0.0,0.8388045075943165,0.40481927710843374,0.672,0.505263157894737,0.5340882188721385,0.41597717794505834,168,1544,247,82,0.39899119555161666,0.001,23.141455091536045
9,1,9,0.7494281668663544,0.7896534277763724,0.6799912863522493,0.7307309650611575,0.4988563337327089,0.4988563337327089,6243,7518,1663,2938,0.4932523534041113,0.4932523534041113,0.0,0.8682018618324351,0.44025157232704404,0.28,0.3422982885085575,0.23030709101060862,0.27306827103985465,70,1702,89,180,0.28608376590835294,0.001,23.088629002682865
10,1,10,0.755745561485677,0.7946787148594378,0.6896852194750027,0.7384687153769899,0.5114911229713539,0.5114911229713539,6332,7545,1636,2849,0.48113224647518027,0.48113224647518027,0.0,0.8427241548260657,0.4022038567493113,0.584,0.47634584013050574,0.46283863763260746,0.38748991476515776,146,1574,217,104,0.3588954853491711,0.001,23.122886952012777
11,1,11,0.7666920814726065,0.8045019276209426,0.70460734124823,0.7512484032052026,0.533384162945213,0.533384162945213,6469,7609,1572,2712,0.4676711794409717,0.4676711794409717,0.0,0.850563449289564,0.4014336917562724,0.448,0.4234404536862004,0.3547560022333892,0.3378937639134259,112,1624,167,138,0.2995838216491799,0.001,23.116206511855125
12,1,12,0.7697418581853829,0.8060051896700853,0.7104890534800131,0.7552390876461734,0.5394837163707658,0.5394837163707658,6523,7611,1570,2658,0.4608392036080607,0.4608392036080607,0.0,0.8466438020578148,0.41076487252124644,0.58,0.48092868988391374,0.46386376326074813,0.394024793615772,145,1583,208,105,0.3344419819943056,0.001,23.191562589257956
13,1,13,0.7773662999673239,0.8098308796690595,0.724975492865701,0.7650574712643677,0.5547325999346477,0.5547325999346476,6656,7618,1563,2525,0.4515912191382993,0.4515912191382993,0.0,0.8481136697697207,0.4152542372881356,0.588,0.48675496688741726,0.4724221105527638,0.40070887054303805,147,1584,207,103,0.37016594519456303,0.001,23.123163727112114
14,1,14,0.7819409650364884,0.8142527619278863,0.7305304433068294,0.7701228614077391,0.5638819300729768,0.5638819300729768,6707,7651,1530,2474,0.4443282235189404,0.4443282235189404,0.0,0.8593826555609995,0.42745098039215684,0.436,0.4316831683168316,0.3544812953657175,0.3514573103558993,109,1645,146,141,0.3046306869757053,0.001,23.182253611274064
15,1,15,0.786134408016556,0.8168113844669561,0.7377192027012308,0.7752532478681394,0.5722688160331119,0.5722688160331119,6773,7662,1519,2408,0.43928783242900626,0.43928783242900626,0.0,0.8549730524252818,0.423841059602649,0.512,0.46376811594202905,0.41484757118927973,0.3807747183364219,128,1617,174,122,0.3175279471232925,0.001,23.05691597610712
16,1,16,0.7904912318919508,0.8188665710186513,0.745997168064481,0.7807352522086064,0.5809824637839016,0.5809824637839015,6849,7666,1515,2332,0.4328997649537259,0.4328997649537259,0.0,0.8500734933855953,0.42178770949720673,0.604,0.4967105263157895,0.4884221105527638,0.4118753813817886,151,1584,207,99,0.3932300672876899,0.001,23.160030502825975
17,1,17,0.7965363250190611,0.826713068522741,0.7503539919398758,0.7866849377640746,0.5930726500381223,0.5930726500381223,6889,7737,1444,2292,0.4213431761774047,0.4213431761774047,0.0,0.8672219500244978,0.441340782122905,0.316,0.3682983682983683,0.26016527079843665,0.2963761100842271,79,1691,100,171,0.3075439963692371,0.001,23.14059429988265
18,1,18,0.7996950223287224,0.8308284237104725,0.7526413244744581,0.7898045490913248,0.5993900446574447,0.5993900446574447,6910,7774,1407,2271,0.4201014757305692,0.4201014757305692,0.0,0.8706516413522783,0.4627659574468085,0.348,0.39726027397260266,0.291606923506421,0.3264346378184855,87,1690,101,163,0.3038904282288596,0.001,23.14449090976268
19,1,19,0.803779544711905,0.8324988078206962,0.7605925280470537,0.7949228755193808,0.6075590894238101,0.6075590894238101,6983,7776,1405,2198,0.4139131124944628,0.4139131124944628,0.0,0.8588926996570309,0.43448275862068964,0.504,0.4666666666666666,0.4124310441094361,0.38587040558330027,126,1627,164,124,0.33278768626806027,0.001,23.177305111661553
20,1,20,0.8079185273935301,0.8400288669713736,0.7607014486439385,0.7983995427264933,0.6158370547870602,0.6158370547870602,6984,7851,1330,2197,0.4067536904789526,0.4067536904789526,0.0,0.8731014208721215,0.47619047619047616,0.36,0.41002277904328016,0.30472361809045223,0.340462059216543,90,1692,99,160,0.30405458868542823,0.001,23.181356294080615
21,1,21,0.8081908288857423,0.8346540508574808,0.7686526522165341,0.8002948514402358,0.6163816577714846,0.6163816577714846,7057,7783,1398,2124,0.40539905114989827,0.40539905114989827,0.0,0.8755512003919648,0.489010989010989,0.356,0.41203703703703703,0.30407370184254606,0.34437064316717086,89,1698,93,161,0.30944505689819907,0.001,23.111457359977067
22,1,22,0.814290382311295,0.8424925816023738,0.7731183966888139,0.8063160286266045,0.6285807646225902,0.6285807646225902,7098,7854,1327,2083,0.3959092142151898,0.3959092142151898,0.0,0.8608525232729054,0.4405594405594406,0.504,0.4701492537313433,0.4146644332774986,0.39047462817147854,126,1631,160,124,0.33340776321468607,0.001,23.19104798696935
23,1,23,0.8116218276876157,0.8362717442407146,0.7749700468358567,0.8044547458872746,0.6232436553752315,0.6232436553752314,7115,7788,1393,2066,0.3977138125848412,0.3977138125848412,0.0,0.8593826555609995,0.4389438943894389,0.532,0.4810126582278481,0.4370809603573423,0.40054933977913837,133,1621,170,117,0.3689828110582276,0.001,23.15427310857922
24,1,24,0.8225683476745452,0.8484527591481351,0.7854264241368043,0.8157239819004525,0.6451366953490906,0.6451366953490905,7211,7893,1288,1970,0.38253550277713494,0.38253550277713494,0.0,0.8593826555609995,0.43728813559322033,0.516,0.473394495412844,0.4233143495254048,0.3928900496971016,129,1625,166,121,0.3717135012237422,0.001,23.20905461255461
25,1,25,0.8250735214028972,0.8514070410926645,0.7876048360745017,0.8182641167817133,0.6501470428057946,0.6501470428057946,7231,7919,1262,1950,0.38319541487139613,0.38319541487139613,0.0,0.6531112199902008,0.23058823529411765,0.784,0.3563636363636363,0.4188408710217756,0.20607219383550354,196,1137,654,54,0.7944266827067927,0.001,23.037580433301628
26,1,26,0.8233852521511817,0.8463602426504899,0.7902189303997386,0.8173266490170674,0.6467705043023635,0.6467705043023636,7255,7864,1317,1926,0.3798381245781583,0.3798381245781583,0.0,0.7119059284664381,0.2691256830601093,0.788,0.40122199592668023,0.489284198771636,0.2674505054747043,197,1256,535,53,0.6590780387726092,0.001,23.095600872300565
27,1,27,0.8260538067748612,0.8507322788517867,0.7908724539810478,0.8197109957100925,0.6521076135497222,0.6521076135497222,7261,7907,1274,1920,0.3755226124249672,0.3755226124249672,0.0,0.8441940225379716,0.403954802259887,0.572,0.4735099337748344,0.45418872138470123,0.38524329300866483,143,1580,211,107,0.4168222831897091,0.001,23.120537313632667
28,1,28,0.8305195512471408,0.8557027312155667,0.7951203572595578,0.8242999096657634,0.6610391024942817,0.6610391024942817,7300,7950,1231,1881,0.3667258641621397,0.3667258641621397,0.0,0.8691817736403724,0.467680608365019,0.492,0.47953216374269003,0.41383137911781126,0.40477623417178843,123,1651,140,127,0.3465380802903907,0.001,23.21122227795422
29,1,29,0.8367824855680209,0.8629960084526884,0.8006753077006862,0.8306683993445958,0.6735649711360419,0.6735649711360419,7351,8014,1167,1830,0.3608731349599269,0.3608731349599269,0.0,0.8304752572268496,0.3862559241706161,0.652,0.48511904761904756,0.507388051367951,0.3915085235301822,163,1532,259,87,0.476393198599014,0.001,23.142488163895905
30,1,30,0.8353665178085176,0.8588578088578088,0.8026358784446139,0.8297956196160127,0.6707330356170352,0.6707330356170352,7369,7970,1211,1812,0.3590109431851392,0.3590109431851392,0.0,0.8108770210681039,0.34545454545454546,0.608,0.4405797101449275,0.44719597989949744,0.33700864267140174,152,1503,288,98,0.4707653265791393,0.001,23.092836401425302
31,2,1,0.7570764462809917,0.7873224800831313,0.7044421487603306,0.7435799574723297,0.5141528925619835,0.5141528925619835,6819,7838,1842,2861,0.5117252126705548,0.5113992486118285,0.0003259646387944914,0.8929460580912864,0.328,0.19069767441860466,0.2411764705882353,0.1524288817078985,0.18790570103833346,41,2111,84,174,0.3833155859431785,0.001,25.19606392364949
32,2,2,0.774948347107438,0.8103790087463557,0.7178719008264463,0.7613256642015888,0.549896694214876,0.5498966942148761,6949,8054,1626,2731,0.46839716749743,0.46761731461059947,0.0007798529773650399,0.9095435684647303,0.36363636363636365,0.018604651162790697,0.035398230088495575,0.015415585103565185,0.02694793769562721,4,2188,7,211,0.3102873016427043,0.001,24.74843326304108
33,2,3,0.7876033057851239,0.8206634416033172,0.7360537190082644,0.7760592528047053,0.5752066115702479,0.5752066115702479,7125,8123,1557,2555,0.4503754757652598,0.44941282134410765,0.0009626546399359984,0.9062240663900415,0.3333333333333333,0.05116279069767442,0.08870967741935484,0.04114001165439424,0.06654784143687124,11,2173,22,204,0.28488061960431055,0.001,24.66021974850446
34,2,4,0.790857438016529,0.822250200297585,0.7421487603305785,0.7801487755877723,0.5817148760330578,0.5817148760330578,7184,8127,1553,2496,0.44423904074125053,0.44309140345281806,0.0011476389986793858,0.8485477178423236,0.2754491017964072,0.42790697674418604,0.33515482695810567,0.31765640726810407,0.25419891985383264,92,1953,242,123,0.49124811798705104,0.001,24.717358654364944
35,2,5,0.796642561983471,0.8237681813056714,0.7547520661157024,0.7877513612593672,0.5932851239669421,0.5932851239669421,7306,8117,1563,2374,0.42923492646414385,0.42790450438980226,0.0013304227405066087,0.5485477178423237,0.12010443864229765,0.641860465116279,0.2023460410557185,0.1812682099909943,0.06125298495974108,138,1184,1011,77,0.6940353955965319,0.001,24.600703756324947
36,2,6,0.8034607438016529,0.8294269373107548,0.7640495867768595,0.7953971070602786,0.6069214876033058,0.6069214876033058,7396,8159,1521,2284,0.4240765191799353,0.422566209450241,0.0015103095592084257,0.8825726141078838,0.3282828282828283,0.3023255813953488,0.31476997578692495,0.24173332627006408,0.2506729364198684,65,2062,133,150,0.40476509891604984,0.001,24.64669664390385
37,2,7,0.803047520661157,0.8281686989596152,0.7647727272727273,0.7952091949084269,0.6060950413223141,0.6060950413223141,7403,8144,1536,2277,0.4203286995079892,0.41862483487641516,0.0017038640323718472,0.8887966804979253,0.3413173652694611,0.2651162790697674,0.29842931937172773,0.2150023838533665,0.23907588270637717,57,2085,110,158,0.34096945694868,0.001,24.725330564193428
38,2,8,0.8104338842975206,0.8342602892102335,0.7747933884297521,0.8034279592929833,0.6208677685950413,0.6208677685950413,7500,8190,1490,2180,0.40897243949007395,0.40707912243102207,0.001893317334985068,0.6817427385892116,0.1625916870415648,0.6186046511627907,0.2575024201355276,0.3065317582242941,0.13533602458613803,133,1510,685,82,0.6284213796196142,0.001,24.709607945755124
39,2,9,0.8121384297520661,0.8368074908037008,0.7755165289256198,0.8049970510964559,0.6242768595041323,0.6242768595041323,7507,8216,1464,2173,0.40800858903522336,0.4059123169292103,0.0020962723923369873,0.8829875518672199,0.31891891891891894,0.2744186046511628,0.295,0.21701541558510357,0.23159025383006387,59,2069,126,156,0.3776323889795675,0.001,24.65985087491572
40,2,10,0.8152892561983471,0.8404730031236055,0.778305785123967,0.8081956661660589,0.6305785123966943,0.6305785123966943,7534,8250,1430,2146,0.4025249976757144,0.40026146597113493,0.0022635304349790182,0.6975103734439834,0.16795865633074936,0.6046511627906976,0.26289180990899896,0.3112570853419505,0.14326049535030014,130,1551,644,85,0.6092961116450456,0.001,24.582701794803143
41,2,11,0.8146177685950413,0.8367798297025324,0.7817148760330579,0.8083106339795973,0.6292355371900826,0.6292355371900826,7567,8204,1476,2113,0.4003535359851585,0.39789842554360383,0.0024551093393613485,0.9033195020746888,0.3815789473684211,0.13488372093023257,0.19931271477663232,0.11347142024686127,0.16017827498018336,29,2148,47,186,0.31118048863539555,0.001,24.68552076909691
42,2,12,0.8223140495867769,0.8475161505903319,0.7860537190082645,0.8156286847464895,0.6446280991735538,0.6446280991735537,7609,8311,1369,2071,0.3943110838901898,0.39161235172886494,0.002698732294480909,0.5203319502074689,0.11591836734693878,0.6604651162790698,0.19722222222222222,0.16707103883032265,0.05356954801012349,142,1112,1083,73,0.7808178953610021,0.001,24.74578404519707
43,2,13,0.8220557851239669,0.8442088991939936,0.7898760330578513,0.8161391898382879,0.6441115702479339,0.6441115702479339,7646,8269,1411,2034,0.3919694047821455,0.3891364306457772,0.0028329739812761544,0.46804979253112033,0.11143481427530955,0.7116279069767442,0.19269521410579346,0.1558192509402977,0.04543839539776747,153,975,1220,62,0.9140858093237976,0.001,24.67558262683451
44,2,14,0.8256714876033058,0.8503945759697678,0.7903925619834711,0.8192964608877229,0.6513429752066116,0.6513429752066116,7651,8334,1346,2029,0.38659764809056746,0.38354341993647173,0.003054227720376504,0.45228215767634855,0.11173576950105411,0.7395348837209302,0.19413919413919414,0.16368066959792338,0.04631425582113446,159,931,1264,56,0.9457672945196698,0.001,24.6820969581604
45,2,15,0.834142561983471,0.8590298590298591,0.7994834710743801,0.8281877039970035,0.6682851239669421,0.6682851239669422,7739,8410,1270,1941,0.37617887167398595,0.3729428686878898,0.0032360023972847736,0.9016597510373444,0.3854166666666667,0.17209302325581396,0.2379421221864952,0.14521375218519894,0.19352470242717762,37,2136,59,178,0.3373622382824846,0.001,24.697574427351356
46,2,16,0.8320764462809918,0.8557830658550083,0.7987603305785124,0.8262890729361475,0.6641528925619835,0.6641528925619835,7732,8377,1303,1948,0.37691781811477726,0.3735075573783275,0.0034102596100111884,0.4070539419087137,0.1073738680465718,0.772093023255814,0.18852924474730268,0.14339142872278432,0.03781260215185948,166,815,1380,49,1.0430317680865402,0.001,24.60520383156836
47,2,17,0.8338326446280991,0.8579023147635397,0.800206611570248,0.8280506708001496,0.6676652892561984,0.6676652892561984,7746,8397,1283,1934,0.3729491579138543,0.36930926644112455,0.003639892547599171,0.6103734439834025,0.1394422310756972,0.6511627906976745,0.22969647251845773,0.2575409228161255,0.09699649251617073,140,1331,864,75,0.7497606445150257,0.001,24.715330528095365
48,2,18,0.8382747933884298,0.8624239070282236,0.8049586776859504,0.832701041944964,0.6765495867768595,0.6765495867768595,7792,8437,1243,1888,0.3670897723229463,0.363280911879106,0.0038088626120516586,0.5921161825726141,0.12426614481409001,0.5906976744186047,0.20533548908649957,0.18295279970334272,0.06793851383517396,127,1300,895,88,0.6855295496857513,0.001,24.7314868979156
49,2,19,0.8410640495867768,0.8684298627385336,0.8039256198347108,0.8349337481894747,0.6821280991735538,0.6821280991735538,7782,8501,1179,1898,0.3632463895584926,0.35922316657610176,0.0040232242923999625,0.750207468879668,0.19623233908948196,0.5813953488372093,0.2934272300469484,0.34813794564814327,0.1846623318965275,125,1683,512,90,0.6124544740712494,0.001,24.690283429808915
50,2,20,0.8386363636363636,0.8632535460992907,0.8047520661157025,0.8329769033361847,0.6772727272727272,0.6772727272727272,7790,8446,1234,1890,0.36497917313221073,0.3607418679008799,0.004237304478575868,0.8904564315352697,0.3237410071942446,0.20930232558139536,0.2542372881355932,0.16647772421465276,0.19805387145972245,45,2101,94,170,0.3224043711834429,0.001,24.618512485176325
51,2,21,0.8429235537190083,0.8682196339434276,0.8085743801652893,0.8373361861460282,0.6858471074380166,0.6858471074380166,7827,8492,1188,1853,0.3588536070398063,0.3544340245979877,0.004419582991375903,0.8680497925311204,0.2880658436213992,0.32558139534883723,0.30567685589519655,0.2467659055994067,0.23307548359335128,70,2022,173,145,0.4209086839341524,0.001,24.6692451313138
52,2,22,0.8511363636363637,0.8785077951002227,0.8149793388429752,0.8455519828510182,0.7022727272727273,0.7022727272727273,7889,8589,1091,1791,0.3460860777984966,0.3414976765301602,0.004588401727840181,0.6979253112033195,0.16903225806451613,0.6093023255813953,0.26464646464646463,0.3159082481326482,0.1452610040679122,131,1551,644,84,0.658385365879882,0.001,24.66810746304691
53,2,23,0.8493801652892562,0.8766146993318485,0.8132231404958677,0.8437299035369774,0.6987603305785124,0.6987603305785124,7872,8572,1108,1808,0.3501621136488008,0.3453629791244002,0.004799135631981714,0.8278008298755186,0.2222222222222222,0.37209302325581395,0.27826086956521734,0.24453038088679344,0.18749746131037004,80,1915,280,135,0.5097880044913391,0.001,24.594372048974037
54,2,24,0.8509814049586777,0.8782986304420444,0.8148760330578513,0.8453994962756551,0.7019628099173554,0.7019628099173554,7888,8587,1093,1792,0.3477185069036878,0.3426913942187286,0.005027112912017206,0.775103734439834,0.20646319569120286,0.5348837209302325,0.2979274611398964,0.3335169783334216,0.1941937434068883,115,1753,442,100,0.590409388136567,0.001,24.616653623990715
55,2,25,0.8522210743801653,0.8798885793871867,0.815805785123967,0.8466362905387296,0.7044421487603306,0.7044421487603306,7897,8602,1078,1783,0.3445191870050982,0.33932093342473685,0.005198254069882976,0.8593360995850622,0.27037037037037037,0.3395348837209302,0.30103092783505153,0.24978545319701223,0.22394680598432676,73,1998,197,142,0.44518044252118627,0.001,24.61711736023426
56,2,26,0.8551136363636364,0.8836067403191608,0.8179752066115702,0.8495252400622284,0.7102272727272727,0.7102272727272727,7918,8637,1043,1762,0.3412067963072091,0.33581318352833267,0.005393613494686351,0.4912863070539419,0.12021036814425244,0.7441860465116279,0.20698576972833116,0.21070085288976004,0.06306266311086306,160,1024,1171,55,0.984751547520586,0.001,24.58702176064253
57,2,27,0.8602272727272727,0.8870144284128746,0.8256198347107438,0.8552166934189407,0.7204545454545455,0.7204545454545455,7992,8662,1018,1688,0.33304018511259853,0.3274456070966957,0.005594577151543099,0.75850622406639,0.1905564924114671,0.5255813953488372,0.2797029702970297,0.30690257985908775,0.17117042587263412,113,1715,480,102,0.5983518232943111,0.001,24.655072609893978
58,2,28,0.8612086776859504,0.8886295431810604,0.8259297520661157,0.8561332119719441,0.7224173553719009,0.7224173553719008,7995,8678,1002,1685,0.3347062156220113,0.32891521677990593,0.005790999453237727,0.8780082987551867,0.2887700534759358,0.25116279069767444,0.26865671641791045,0.1905705355723897,0.20246282684796435,54,2062,133,161,0.37108939292519916,0.001,24.59330515563488
59,2,29,0.8621900826446282,0.8935788055680287,0.8223140495867769,0.8564665375511082,0.7243801652892562,0.7243801652892562,7960,8732,948,1720,0.32932441475962804,0.3233385157486624,0.0059858988385555175,0.5589211618257262,0.12344582593250444,0.6465116279069767,0.20730797912005966,0.1968533135561794,0.06762191415874771,139,1208,987,76,0.8266532792095327,0.001,24.58255112916231
60,2,30,0.8663739669421487,0.8952412793937368,0.8298553719008265,0.8613091727872192,0.7327479338842976,0.7327479338842975,8033,8740,940,1647,0.3203998646460289,0.31421436990095564,0.006185494775091074,0.8580912863070539,0.2690909090909091,0.34418604651162793,0.3020408163265306,0.2526142925252953,0.22437302968992612,74,1994,201,141,0.4632432497883239,0.001,24.64834821410477
61,3,1,0.8766060251107288,0.8994448111193074,0.848017863025733,0.8729746024568543,0.7532120502214577,0.7532120502214575,23167,24729,2590,4152,0.3251156533980571,0.318682163206514,0.006433490406058563,0.619274241522903,0.30892255892255893,0.7252964426877471,0.43329397874852427,0.3179533516433412,0.21130340011045348,734,2389,1642,278,0.9213448476896573,0.001,68.77398359309882
62,3,2,0.8934990299791354,0.906703995157385,0.877264907207438,0.8917415489944371,0.7869980599582708,0.7869980599582708,23966,24853,2466,3353,0.27700528693262866,0.2701392827085836,0.006866004131182103,0.5903232203053738,0.3030642750373692,0.8013833992094862,0.43980477223427333,0.3387190479318876,0.20963787971197873,811,2166,1865,201,0.9515372108259585,0.001,68.33105003554374
63,3,3,0.9031260295032761,0.9094660916121357,0.8953841648669424,0.9023701927510837,0.8062520590065522,0.8062520590065522,24461,24884,2435,2858,0.2524370050254881,0.24491803179574775,0.007518973473693072,0.6329565734681737,0.3220195163343233,0.75,0.45057880676758677,0.3535723145621434,0.23607786338643486,759,2433,1598,253,0.8794136947896624,0.001,68.49563814513385
64,3,4,0.9106848713349683,0.9141718040533058,0.9064753468282148,0.9103073077488605,0.8213697426699367,0.8213697426699367,24764,24994,2325,2555,0.23328774569106053,0.2251518757212646,0.008135869721547787,0.6398968867737458,0.3249128919860627,0.7371541501976284,0.45102781136638453,0.35263417996691643,0.2390543026504054,746,2481,1550,266,0.9073164161474204,0.001,68.52414614055306
65,3,5,0.917676342472272,0.9184728793046539,0.9167246238881365,0.917597918880299,0.8353526849445441,0.8353526849445441,25044,25096,2223,2275,0.219040170662107,0.2101842342150142,0.00885593697692974,0.6305770374776919,0.3185501066098081,0.7381422924901185,0.44504021447721176,0.3417146070522619,0.22883901768281578,747,2433,1598,265,0.9424301556191693,0.001,68.38201258517802
66,3,6,0.9242102565979721,0.9232960771422309,0.9252900911453568,0.9242920087024882,0.8484205131959442,0.8484205131959442,25278,25219,2100,2041,0.20455307783064308,0.1950038542843584,0.009549223476705658,0.6103509815585961,0.30447271235125156,0.733201581027668,0.43026964337489126,0.31271038777537324,0.20474769756305744,742,2336,1695,270,0.9342966094168375,0.001,68.48959323950112
67,3,7,0.92896884951865,0.9277319512373166,0.9304147296753176,0.9290714037684814,0.8579376990373001,0.8579376990373,25418,25339,1980,1901,0.19225480545011758,0.182017555398357,0.01023725026711124,0.5917112829664882,0.3032694475760992,0.7974308300395256,0.4394228151374897,0.33749533016356437,0.2096005389327533,807,2177,1854,205,1.085046090276503,0.001,68.462273218669
68,3,8,0.9307624730041363,0.9289254993439277,0.9329038398184414,0.9309104191398047,0.8615249460082727,0.8615249460082727,25486,25369,1950,1833,0.19122266054596349,0.18012003049856048,0.011102629755961988,0.6206623041840175,0.3103157894736842,0.7282608695652174,0.4351933864777089,0.3219100881214069,0.2139855646747367,737,2393,1638,275,0.993043391742056,0.001,68.42351730633527
69,3,9,0.9392181265785717,0.936422492180112,0.9424210256597972,0.9394121832412019,0.8784362531571435,0.8784362531571434,25746,25571,1748,1573,0.17118012852757605,0.15959269055944833,0.011587437948184686,0.6452508427523299,0.310948905109489,0.6314229249011858,0.41669383762634493,0.2801453262904192,0.20213324517992873,639,2615,1416,373,0.8832570152778652,0.001,68.35647196695209
70,3,10,0.9447637175592078,0.9420774968164454,0.9478018961162561,0.9449310269323407,0.8895274351184158,0.8895274351184157,25893,25727,1592,1426,0.1623067103271503,0.15002450157129954,0.012282209223063147,0.62819750148721,0.30589293747188484,0.6719367588932806,0.42040185471406494,0.2891533304636106,0.1996764553605141,680,2488,1543,332,1.0287313635977942,0.001,68.36099003069103
71,3,11,0.9473443391046524,0.9434325108853411,0.9517551886965115,0.9475755753566938,0.8946886782093049,0.8946886782093049,26001,25760,1559,1318,0.157610184522271,0.14474798851510154,0.012862196018726192,0.6738052746381122,0.32128740824393,0.5622529644268774,0.40891124685591085,0.26406392944796403,0.20616229504510217,569,2829,1202,443,0.8854259187185274,0.001,68.41657200828195
72,3,12,0.9514257476481569,0.9478519809710572,0.9554156447893407,0.951618783724661,0.9028514952963139,0.9028514952963139,26101,25883,1436,1218,0.14926970173688683,0.13593930284970587,0.013330399045191132,0.644854253420583,0.312289156626506,0.6403162055335968,0.41982507288629733,0.2863097555211929,0.20548382508318788,648,2604,1427,364,0.9871635254283755,0.001,68.48888071998954
73,3,13,0.9536220213038544,0.9499981843930426,0.9576485230059666,0.9538080134164569,0.907244042607709,0.907244042607709,26162,25942,1377,1157,0.14599816891355855,0.13221563708326636,0.013782532216471126,0.644457664088836,0.30754066042385414,0.616600790513834,0.4103913186451825,0.2680520433047047,0.1947595468082967,624,2626,1405,388,0.9339625469264697,0.001,68.42998877167702
74,3,14,0.9592591236868113,0.9564521410121148,0.9623339068047879,0.9593840090501041,0.9185182473736228,0.9185182473736228,26290,26122,1197,1029,0.13124719908113727,0.11706809142480448,0.014179107606151346,0.6440610747570891,0.30985915492957744,0.6304347826086957,0.4154998371865842,0.2779167969971849,0.20031137040878608,638,2610,1421,374,1.0730604033366113,0.001,68.38128980994225
75,3,15,0.962224093122003,0.9580325728172948,0.9667996632380395,0.9623961521644075,0.924448186244006,0.924448186244006,26412,26162,1157,907,0.12662921053537046,0.11207043844759912,0.014558771834068698,0.6450525480864565,0.3095004897159647,0.6245059288537549,0.4138834315651604,0.27471679464388143,0.19890677522830832,632,2621,1410,380,1.0531528937450665,0.001,68.38272958248854
76,3,16,0.9617116292690069,0.9584560026169447,0.9652622716790512,0.9618470965859353,0.9234232585380139,0.9234232585380139,26370,26176,1143,949,0.12483086934192293,0.109981265350903,0.014849604035917325,0.643664485425342,0.3106608779546551,0.6363636363636364,0.41750405186385736,0.2818610315509348,0.20239848905592664,644,2602,1429,368,1.0596424014393064,0.001,68.40414770226926
77,3,17,0.9604487719169809,0.9582847566307199,0.9628097660968556,0.9605419321854402,0.9208975438339617,0.9208975438339617,26303,26174,1145,1016,0.1307698128767255,0.11562008414046736,0.015149728717849205,0.6541741027166369,0.3081761006289308,0.5810276679841897,0.4027397260273972,0.2535654997877124,0.19042895614118416,588,2711,1320,424,1.012618040271885,0.001,68.35464609507471
78,3,18,0.968867820930488,0.9657818181818182,0.9721805336944983,0.9689706123789198,0.9377356418609758,0.9377356418609759,26559,26378,941,760,0.1091978704390665,0.09381175134416214,0.015386119169119701,0.6702359706523895,0.313893653516295,0.5424901185770751,0.3976819992756248,0.24479723839845935,0.19234270634675518,549,2831,1200,463,1.0378210462223323,0.001,68.3364240154624
79,3,19,0.965738130971119,0.9625549860035627,0.9691789596983784,0.9658556159486374,0.931476261942238,0.931476261942238,26477,26289,1030,842,0.11823892577129365,0.10255201171489485,0.015686914046444338,0.6577434067023598,0.30990415335463256,0.575098814229249,0.4027681660899654,0.25359050363634406,0.1920488233855908,582,2735,1296,430,1.050735921454,0.001,68.40339535381645
80,3,20,0.962846370657784,0.9616971555847665,0.9640909257293458,0.9628925529192411,0.9256927413155679,0.9256927413155679,26338,26270,1049,981,0.12540551335750785,0.10950559134126657,0.01589992183174268,0.594883997620464,0.29188534517561565,0.7144268774703557,0.41444539982803097,0.27929911760927906,0.18111637656926846,723,2277,1754,289,1.2410625146272374,0.001,68.39435122255236
81,3,21,0.9683187525165635,0.9662196632898477,0.9705699330136535,0.9683899125289895,0.936637505033127,0.9366375050331271,26515,26392,927,804,0.11196575923238336,0.09600070730981351,0.015965051655776396,0.6888756692444973,0.325172630257376,0.5118577075098815,0.39769673704414593,0.24517450234987154,0.2017915654967934,518,2956,1075,494,1.0195992551511524,0.001,68.37657411955297
82,3,22,0.9740656685823054,0.9715627730847655,0.9767194992496065,0.9741343117390431,0.9481313371646107,0.9481313371646107,26683,26538,781,636,0.09725638578402716,0.0812112302353871,0.016045155526822053,0.6625024786833235,0.3141163793103448,0.5760869565217391,0.40655509065550904,0.2602844261322576,0.19834105118438972,583,2758,1273,429,1.0707380830136874,0.001,68.34768003597856
83,3,23,0.9673121270910355,0.9654041048448835,0.9693619825030199,0.9673789954337899,0.9346242541820711,0.9346242541820711,26482,26370,949,837,0.12423105372892623,0.10779279716332794,0.016438256366781593,0.5998413642673012,0.29041666666666666,0.6887351778656127,0.40855803048065653,0.2662593654121272,0.1759107291566457,697,2328,1703,315,1.1814108401409145,0.001,68.32762341015041
84,3,24,0.9660126651780812,0.9684303480756494,0.9634320436326367,0.9659247298016406,0.9320253303561624,0.9320253303561624,26320,26461,858,999,0.11696439176702958,0.10037897799752189,0.016585413868643317,0.6805472932778108,0.3318360471645143,0.58399209486166,0.42320085929108486,0.28877998868453275,0.22480936952994435,591,2841,1190,421,1.0548076036154608,0.001,68.39071327075362
85,3,25,0.973900948058128,0.9721037085658024,0.9758043852263992,0.9739505315845238,0.9478018961162561,0.9478018961162561,26658,26554,765,661,0.09725448669624161,0.08089482136003365,0.016359665148845726,0.6656751933372992,0.31920600858369097,0.5879446640316206,0.413769123783032,0.27313444324273445,0.20766453463687962,595,2762,1269,417,1.0631153297812985,0.001,68.39457836467773
86,3,26,0.9784948204546287,0.9774636569508365,0.9795746550020132,0.9785180174415417,0.9569896409092573,0.9569896409092573,26761,26702,617,558,0.08732704576614193,0.07090643191221732,0.0164206139050606,0.6829268292682927,0.3243566726511071,0.5355731225296443,0.40402534476332463,0.2554937377615967,0.205405357467508,542,2902,1129,470,1.0863476915525254,0.001,68.39602416567504
87,3,27,0.9783667044913796,0.9763440860215054,0.9804897690252206,0.9784125360704241,0.9567334089827593,0.9567334089827593,26786,26670,649,533,0.08592363840247969,0.06942639668828733,0.016497241750055718,0.6845131865952806,0.32507552870090634,0.5316205533596838,0.40344956880389954,0.25451809739342235,0.20559960578065598,538,2914,1117,474,1.143171359691201,0.001,68.44686471112072
88,3,28,0.9728943226326,0.9703976114185844,0.9755481532999012,0.9729660661154008,0.9457886452652,0.9457886452652,26651,26506,813,668,0.10296989905060312,0.08639152731984115,0.01657837168337597,0.7031528851873885,0.31943410275502604,0.42391304347826086,0.3643312101910828,0.19717029974221523,0.17565584225346206,429,3117,914,583,1.0268968397767795,0.001,68.42039631865919
89,3,29,0.9815879058530693,0.9796215960045205,0.9836377612650536,0.9816255707762557,0.9631758117061386,0.9631758117061385,26872,26760,559,447,0.0787194815659214,0.0621005138081977,0.016618967831904974,0.6547689867142574,0.31278890600924497,0.6017786561264822,0.41162554917201755,0.26985109472732566,0.20048665442973274,609,2693,1338,403,1.1972997932015799,0.001,68.4275614079088
90,3,30,0.9800139097331527,0.9791019692375141,0.9809656283172883,0.9800329127811299,0.9600278194663054,0.9600278194663056,26799,26747,572,520,0.08140098876252155,0.06468225532421396,0.01671873344764844,0.6541741027166369,0.3111455108359133,0.5958498023715415,0.40881355932203384,0.2646664731728315,0.19712245504931472,603,2696,1335,409,1.1947161925425847,0.001,68.43754135351628
